{
    "total_samples": 8064,
    "n_features": 32,
    "n_classes": 1,
    "class_distribution": {
        "Class": {
            "0": 0
        },
        "Count": {
            "0": 8064
        },
        "Percentage": {
            "0": 100.0
        }
    },
    "train_samples": 5160,
    "val_samples": 1291,
    "test_samples": 1613,
    "imbalance_ratio": 1.0,
    "feature_stats": {
        "Mean": {
            "count": 32.0,
            "mean": -1.734723475976807e-18,
            "std": 0.10338939161661348,
            "min": -0.1509337020996543,
            "25%": -0.06294576402081158,
            "50%": -0.003235129883979401,
            "75%": 0.04305246249275607,
            "max": 0.4283617506777751
        },
        "Std": {
            "count": 32.0,
            "mean": 16.704393349783466,
            "std": 15.459820672044573,
            "min": 3.9672472793685403,
            "25%": 9.158230735154042,
            "50%": 12.286868748873076,
            "75%": 19.758067388173057,
            "max": 87.64094817432941
        },
        "Min": {
            "count": 32.0,
            "mean": -128.55846845164078,
            "std": 146.32549986098192,
            "min": -839.7424408801211,
            "25%": -159.56339267074745,
            "50%": -93.5926256724589,
            "75%": -60.396859800350214,
            "max": -18.732205044066465
        },
        "Max": {
            "count": 32.0,
            "mean": 130.15994107999205,
            "std": 120.11557244364074,
            "min": 17.792448313475376,
            "25%": 72.01538592241776,
            "50%": 90.5537556023205,
            "75%": 135.48049008072613,
            "max": 598.4545426223475
        },
        "Median": {
            "count": 32.0,
            "mean": 0.006396533984451756,
            "std": 0.23967064068084917,
            "min": -0.4109093847984901,
            "25%": -0.11311279324782038,
            "50%": 0.01571341789016025,
            "75%": 0.07098388370056755,
            "max": 1.0217046349599723
        }
    }
}